source,domain,chart,region,country,continent,date,position,title,artist,url,scraped_at,city,track_id,album,energy,danceability,valence,tempo,loudness,acousticness,instrumentalness,speechiness,liveness
billboard,billboard.com,hot-100,,,,2025-11-08,10.0,The Fate Of Ophelia,Taylor Swift,,2025-11-10T11:27:47.429636+00:00,,,,,,,,,,,,
billboard,billboard.com,hot-100,,,,2025-11-08,20.0,Golden,"HUNTR/X: EJAE, Audrey Nuna & REI AMI",,2025-11-10T11:27:47.429636+00:00,,,,,,,,,,,,
billboard,billboard.com,hot-100,,,,2025-11-08,30.0,Ordinary,Alex Warren,,2025-11-10T11:27:47.429636+00:00,,,,,,,,,,,,
billboard,billboard.com,hot-100,,,,2025-11-08,40.0,Opalite,Taylor Swift,,2025-11-10T11:27:47.429636+00:00,,,,,,,,,,,,
billboard,billboard.com,hot-100,,,,2025-11-08,50.0,Man I Need,Olivia Dean,,2025-11-10T11:27:47.429636+00:00,,,,,,,,,,,,
billboard,billboard.com,hot-100,,,,2025-11-08,60.0,Daisies,Justin Bieber,,2025-11-10T11:27:47.429636+00:00,,,,,,,,,,,,
billboard,billboard.com,hot-100,,,,2025-11-08,70.0,Folded,Kehlani,,2025-11-10T11:27:47.429636+00:00,,,,,,,,,,,,
billboard,billboard.com,hot-100,,,,2025-11-08,80.0,Elizabeth Taylor,Taylor Swift,,2025-11-10T11:27:47.429636+00:00,,,,,,,,,,,,
billboard,billboard.com,hot-100,,,,2025-11-08,90.0,I Got Better,Morgan Wallen,,2025-11-10T11:27:47.429636+00:00,,,,,,,,,,,,
billboard,billboard.com,hot-100,,,,2025-11-08,100.0,Mutt,Leon Thomas,,2025-11-10T11:27:47.429636+00:00,,,,,,,,,,,,
billboard,billboard.com,hot-100,,,,2025-11-08,110.0,Father Figure,Taylor Swift,,2025-11-10T11:27:47.429636+00:00,,,,,,,,,,,,
billboard,billboard.com,hot-100,,,,2025-11-08,120.0,Back To Friends,sombr,,2025-11-10T11:27:47.429636+00:00,,,,,,,,,,,,
billboard,billboard.com,hot-100,,,,2025-11-08,130.0,Your Idol,"Saja Boys: Andrew Choi, Neckwav, Danny Chung, Kevin Woo & samUIL Lee",,2025-11-10T11:27:47.429636+00:00,,,,,,,,,,,,
billboard,billboard.com,hot-100,,,,2025-11-08,140.0,Wi$h Li$t,Taylor Swift,,2025-11-10T11:27:47.429636+00:00,,,,,,,,,,,,
billboard,billboard.com,hot-100,,,,2025-11-08,150.0,What I Want,Morgan Wallen Featuring Tate McRae,,2025-11-10T11:27:47.429636+00:00,,,,,,,,,,,,
billboard,billboard.com,hot-100,,,,2025-11-08,160.0,Manchild,Sabrina Carpenter,,2025-11-10T11:27:47.429636+00:00,,,,,,,,,,,,
billboard,billboard.com,hot-100,,,,2025-11-08,170.0,Love Me Not,Ravyn Lenae,,2025-11-10T11:27:47.429636+00:00,,,,,,,,,,,,
billboard,billboard.com,hot-100,,,,2025-11-08,180.0,Soda Pop,"Saja Boys: Andrew Choi, Neckwav, Danny Chung, Kevin Woo & samUIL Lee",,2025-11-10T11:27:47.429636+00:00,,,,,,,,,,,,
billboard,billboard.com,hot-100,,,,2025-11-08,190.0,It Depends,Chris Brown Featuring Bryson Tiller,,2025-11-10T11:27:47.429636+00:00,,,,,,,,,,,,
billboard,billboard.com,hot-100,,,,2025-11-08,200.0,Tears,Sabrina Carpenter,,2025-11-10T11:27:47.429636+00:00,,,,,,,,,,,,
billboard,billboard.com,hot-100,,,,2025-11-08,210.0,The Life Of A Showgirl,Taylor Swift Featuring Sabrina Carpenter,,2025-11-10T11:27:47.429636+00:00,,,,,,,,,,,,
billboard,billboard.com,hot-100,,,,2025-11-08,220.0,Back In The Saddle,Luke Combs,,2025-11-10T11:27:47.429636+00:00,,,,,,,,,,,,
billboard,billboard.com,hot-100,,,,2025-11-08,230.0,How It's Done,"HUNTR/X: EJAE, Audrey Nuna & REI AMI",,2025-11-10T11:27:47.429636+00:00,,,,,,,,,,,,
billboard,billboard.com,hot-100,,,,2025-11-08,240.0,Wood,Taylor Swift,,2025-11-10T11:27:47.429636+00:00,,,,,,,,,,,,
billboard,billboard.com,hot-100,,,,2025-11-08,250.0,Actually Romantic,Taylor Swift,,2025-11-10T11:27:47.429636+00:00,,,,,,,,,,,,
billboard,billboard.com,hot-100,,,,2025-11-08,260.0,Mystical Magical,Benson Boone,,2025-11-10T11:27:47.429636+00:00,,,,,,,,,,,,
billboard,billboard.com,hot-100,,,,2025-11-08,270.0,Tit For Tat,Tate McRae,,2025-11-10T11:27:47.429636+00:00,,,,,,,,,,,,
billboard,billboard.com,hot-100,,,,2025-11-08,280.0,Cancelled!,Taylor Swift,,2025-11-10T11:27:47.429636+00:00,,,,,,,,,,,,
billboard,billboard.com,hot-100,,,,2025-11-08,290.0,Eldest Daughter,Taylor Swift,,2025-11-10T11:27:47.429636+00:00,,,,,,,,,,,,
billboard,billboard.com,hot-100,,,,2025-11-08,300.0,What It Sounds Like,"HUNTR/X: EJAE, Audrey Nuna & REI AMI",,2025-11-10T11:27:47.429636+00:00,,,,,,,,,,,,
billboard,billboard.com,hot-100,,,,2025-11-08,310.0,Ruin The Friendship,Taylor Swift,,2025-11-10T11:27:47.429636+00:00,,,,,,,,,,,,
billboard,billboard.com,hot-100,,,,2025-11-08,320.0,Thriller,Michael Jackson,,2025-11-10T11:27:47.429636+00:00,,,,,,,,,,,,
billboard,billboard.com,hot-100,,,,2025-11-08,330.0,Honey,Taylor Swift,,2025-11-10T11:27:47.429636+00:00,,,,,,,,,,,,
billboard,billboard.com,hot-100,,,,2025-11-08,340.0,Burning Blue,Mariah the Scientist,,2025-11-10T11:27:47.429636+00:00,,,,,,,,,,,,
billboard,billboard.com,hot-100,,,,2025-11-08,350.0,Choosin' Texas,Ella Langley,,2025-11-10T11:27:47.429636+00:00,,,,,,,,,,,,
billboard,billboard.com,hot-100,,,,2025-11-08,360.0,Takedown,"HUNTR/X: EJAE, Audrey Nuna & REI AMI",,2025-11-10T11:27:47.429636+00:00,,,,,,,,,,,,
billboard,billboard.com,hot-100,,,,2025-11-08,370.0,Gabriela,KATSEYE,,2025-11-10T11:27:47.429636+00:00,,,,,,,,,,,,
billboard,billboard.com,hot-100,,,,2025-11-08,380.0,Lover Girl,Megan Thee Stallion,,2025-11-10T11:27:47.429636+00:00,,,,,,,,,,,,
billboard,billboard.com,hot-100,,,,2025-11-08,390.0,Dracula,Tame Impala,,2025-11-10T11:27:47.429636+00:00,,,,,,,,,,,,
billboard,billboard.com,hot-100,,,,2025-11-08,400.0,Free,"Rumi, JINU, EJAE & Andrew Choi",,2025-11-10T11:27:47.429636+00:00,,,,,,,,,,,,
billboard,billboard.com,hot-100,,,,2025-11-08,410.0,No Broke Boys,Disco Lines & Tinashe,,2025-11-10T11:27:47.429636+00:00,,,,,,,,,,,,
billboard,billboard.com,hot-100,,,,2025-11-08,420.0,Happen To Me,Russell Dickerson,,2025-11-10T11:27:47.429636+00:00,,,,,,,,,,,,
billboard,billboard.com,hot-100,,,,2025-11-08,430.0,Yukon,Justin Bieber,,2025-11-10T11:27:47.429636+00:00,,,,,,,,,,,,
billboard,billboard.com,hot-100,,,,2025-11-08,440.0,So Easy (To Fall In Love),Olivia Dean,,2025-11-10T11:27:47.429636+00:00,,,,,,,,,,,,
billboard,billboard.com,hot-100,,,,2025-11-08,450.0,Don't Mind If I Do,Riley Green Featuring Ella Langley,,2025-11-10T11:27:47.429636+00:00,,,,,,,,,,,,
billboard,billboard.com,hot-100,,,,2025-11-08,460.0,6 Months Later,Megan Moroney,,2025-11-10T11:27:47.429636+00:00,,,,,,,,,,,,
billboard,billboard.com,hot-100,,,,2025-11-08,470.0,This Is Halloween,The Citizens of Halloween,,2025-11-10T11:27:47.429636+00:00,,,,,,,,,,,,
billboard,billboard.com,hot-100,,,,2025-11-08,480.0,Shot Callin,YoungBoy Never Broke Again,,2025-11-10T11:27:47.429636+00:00,,,,,,,,,,,,
billboard,billboard.com,hot-100,,,,2025-11-08,490.0,Somewhere Over Laredo,Lainey Wilson,,2025-11-10T11:27:47.429636+00:00,,,,,,,,,,,,
billboard,billboard.com,hot-100,,,,2025-11-08,500.0,Spaghetti,Le Sserafim & J-Hope,,2025-11-10T11:27:47.429636+00:00,,,,,,,,,,,,
billboard,billboard.com,hot-100,,,,2025-11-08,510.0,Wildflower,Billie Eilish,,2025-11-10T11:27:47.429636+00:00,,,,,,,,,,,,
billboard,billboard.com,hot-100,,,,2025-11-08,520.0,Hell At Night,BigXthaPlug Featuring Ella Langley,,2025-11-10T11:27:47.429636+00:00,,,,,,,,,,,,
billboard,billboard.com,hot-100,,,,2025-11-08,530.0,Is It A Crime,Mariah the Scientist & Kali Uchis,,2025-11-10T11:27:47.429636+00:00,,,,,,,,,,,,
billboard,billboard.com,hot-100,,,,2025-11-08,540.0,Jealous Type,Doja Cat,,2025-11-10T11:27:47.429636+00:00,,,,,,,,,,,,
billboard,billboard.com,hot-100,,,,2025-11-08,550.0,wgft,Gunna Featuring Burna Boy,,2025-11-10T11:27:47.429636+00:00,,,,,,,,,,,,
billboard,billboard.com,hot-100,,,,2025-11-08,560.0,Safe,Cardi B Featuring Kehlani,,2025-11-10T11:27:47.429636+00:00,,,,,,,,,,,,
billboard,billboard.com,hot-100,,,,2025-11-08,570.0,Darlin',Chase Matthew,,2025-11-10T11:27:47.429636+00:00,,,,,,,,,,,,
billboard,billboard.com,hot-100,,,,2025-11-08,580.0,Sugar On My Tongue,"Tyler, the Creator",,2025-11-10T11:27:47.429636+00:00,,,,,,,,,,,,
billboard,billboard.com,hot-100,,,,2025-11-08,590.0,12 To 12,sombr,,2025-11-10T11:27:47.429636+00:00,,,,,,,,,,,,
billboard,billboard.com,hot-100,,,,2025-11-08,600.0,House Again,Hudson Westbrook,,2025-11-10T11:27:47.429636+00:00,,,,,,,,,,,,
billboard,billboard.com,hot-100,,,,2025-11-08,610.0,The Dead Dance,Lady Gaga,,2025-11-10T11:27:47.429636+00:00,,,,,,,,,,,,
billboard,billboard.com,hot-100,,,,2025-11-08,620.0,When Did You Get Hot?,Sabrina Carpenter,,2025-11-10T11:27:47.429636+00:00,,,,,,,,,,,,
billboard,billboard.com,hot-100,,,,2025-11-08,630.0,Nice To Meet You,Myles Smith,,2025-11-10T11:27:47.429636+00:00,,,,,,,,,,,,
billboard,billboard.com,hot-100,,,,2025-11-08,640.0,Beautiful Things,Megan Moroney,,2025-11-10T11:27:47.429636+00:00,,,,,,,,,,,,
billboard,billboard.com,hot-100,,,,2025-11-08,650.0,Last One To Know,Gavin Adcock,,2025-11-10T11:27:47.429636+00:00,,,,,,,,,,,,
billboard,billboard.com,hot-100,,,,2025-11-08,660.0,I'm Not There For You,jessie murph,,2025-11-10T11:27:47.429636+00:00,,,,,,,,,,,,
billboard,billboard.com,hot-100,,,,2025-11-08,670.0,Better Me For You (Brown Eyes),Max McNown,,2025-11-10T11:27:47.429636+00:00,,,,,,,,,,,,
billboard,billboard.com,hot-100,,,,2025-11-08,680.0,Bottle Rockets,Scotty McCreery & Hootie & The Blowfish,,2025-11-10T11:27:47.429636+00:00,,,,,,,,,,,,
billboard,billboard.com,hot-100,,,,2025-11-08,690.0,Heart Of Stone,Jelly Roll,,2025-11-10T11:27:47.429636+00:00,,,,,,,,,,,,
billboard,billboard.com,hot-100,,,,2025-11-08,700.0,Where Is My Husband!,RAYE,,2025-11-10T11:27:47.429636+00:00,,,,,,,,,,,,
billboard,billboard.com,hot-100,,,,2025-11-08,710.0,Take Me Thru Dere,"Metro Boomin, Quavo, Breskii & YK NIECE",,2025-11-10T11:27:47.429636+00:00,,,,,,,,,,,,
billboard,billboard.com,hot-100,,,,2025-11-08,720.0,Strategy,Twice,,2025-11-10T11:27:47.429636+00:00,,,,,,,,,,,,
billboard,billboard.com,hot-100,,,,2025-11-08,730.0,The Fall,Cody Johnson,,2025-11-10T11:27:47.429636+00:00,,,,,,,,,,,,
billboard,billboard.com,hot-100,,,,2025-11-08,740.0,Sparks,Coldplay,,2025-11-10T11:27:47.429636+00:00,,,,,,,,,,,,
billboard,billboard.com,hot-100,,,,2025-11-08,750.0,What Kinda Man,Parker McCollum,,2025-11-10T11:27:47.429636+00:00,,,,,,,,,,,,
billboard,billboard.com,hot-100,,,,2025-11-08,760.0,Went Legit,G Herbo,,2025-11-10T11:27:47.429636+00:00,,,,,,,,,,,,
billboard,billboard.com,hot-100,,,,2025-11-08,770.0,20 Cigarettes,Morgan Wallen,,2025-11-10T11:27:47.429636+00:00,,,,,,,,,,,,
billboard,billboard.com,hot-100,,,,2025-11-08,780.0,What You Is,YoungBoy Never Broke Again & Mellow Rackz,,2025-11-10T11:27:47.429636+00:00,,,,,,,,,,,,
billboard,billboard.com,hot-100,,,,2025-11-08,790.0,Camera,Ed Sheeran,,2025-11-10T11:27:47.429636+00:00,,,,,,,,,,,,
billboard,billboard.com,hot-100,,,,2025-11-08,800.0,Takedown,"JEONGYEON, JIHYO & CHAEYOUNG Of TWICE",,2025-11-10T11:27:47.429636+00:00,,,,,,,,,,,,
billboard,billboard.com,hot-100,,,,2025-11-08,810.0,Nobody's Son,Sabrina Carpenter,,2025-11-10T11:27:47.429636+00:00,,,,,,,,,,,,
billboard,billboard.com,hot-100,,,,2025-11-08,820.0,Bar None,Jordan Davis,,2025-11-10T11:27:47.429636+00:00,,,,,,,,,,,,
billboard,billboard.com,hot-100,,,,2025-11-08,830.0,Sienna,The Marias,,2025-11-10T11:27:47.429636+00:00,,,,,,,,,,,,
billboard,billboard.com,hot-100,,,,2025-11-08,840.0,Wish,Diplo Featuring Trippie Redd,,2025-11-10T11:27:47.429636+00:00,,,,,,,,,,,,
billboard,billboard.com,hot-100,,,,2025-11-08,850.0,Pixelated Kisses,Joji,,2025-11-10T11:27:47.429636+00:00,,,,,,,,,,,,
billboard,billboard.com,hot-100,,,,2025-11-08,860.0,Amen,Shaboozey & Jelly Roll,,2025-11-10T11:27:47.429636+00:00,,,,,,,,,,,,
billboard,billboard.com,hot-100,,,,2025-11-08,870.0,A Couple Minutes,Olivia Dean,,2025-11-10T11:27:47.429636+00:00,,,,,,,,,,,,
billboard,billboard.com,hot-100,,,,2025-11-08,880.0,How Far Does A Goodbye Go,Jason Aldean,,2025-11-10T11:27:47.429636+00:00,,,,,,,,,,,,
billboard,billboard.com,hot-100,,,,2025-11-08,890.0,Heavens To Betsy,Jackson Dean,,2025-11-10T11:27:47.429636+00:00,,,,,,,,,,,,
billboard,billboard.com,hot-100,,,,2025-11-08,900.0,Breakin' Dishes,Rihanna,,2025-11-10T11:27:47.429636+00:00,,,,,,,,,,,,
billboard,billboard.com,hot-100,,,,2025-11-08,910.0,Maui Wowie,Kid Cudi,,2025-11-10T11:27:47.429636+00:00,,,,,,,,,,,,
billboard,billboard.com,hot-100,,,,2025-11-08,920.0,"3,2,1",Tucker Wetmore,,2025-11-10T11:27:47.429636+00:00,,,,,,,,,,,,
billboard,billboard.com,hot-100,,,,2025-11-08,930.0,ErrTime,Cardi B,,2025-11-10T11:27:47.429636+00:00,,,,,,,,,,,,
billboard,billboard.com,hot-100,,,,2025-11-08,940.0,Nice To Each Other,Olivia Dean,,2025-11-10T11:27:47.429636+00:00,,,,,,,,,,,,
billboard,billboard.com,hot-100,,,,2025-11-08,950.0,The Subway,Chappell Roan,,2025-11-10T11:27:47.429636+00:00,,,,,,,,,,,,
billboard,billboard.com,hot-100,,,,2025-11-08,960.0,Amor,Emmanuell Cortes,,2025-11-10T11:27:47.429636+00:00,,,,,,,,,,,,
billboard,billboard.com,hot-100,,,,2025-11-08,970.0,Let Down,Radiohead,,2025-11-10T11:27:47.429636+00:00,,,,,,,,,,,,
billboard,billboard.com,hot-100,,,,2025-11-08,980.0,I Ain't Coming Back,Morgan Wallen Featuring Post Malone,,2025-11-10T11:27:47.429636+00:00,,,,,,,,,,,,
billboard,billboard.com,hot-100,,,,2025-11-08,990.0,Outside,Cardi B,,2025-11-10T11:27:47.429636+00:00,,,,,,,,,,,,
billboard,billboard.com,hot-100,,,,2025-11-08,1000.0,Favorite Country Song,HARDY,,2025-11-10T11:27:47.429636+00:00,,,,,,,,,,,,
,,,,,,,,,,,,,,,,,,,,,,,
official_site,recordreport.com.ve,Record Report,,,,,10.0,"""REGRESA AL NIDO""
PROYECTO UNO
HAF",,,2025-11-10T14:37:33.787329+00:00,,,,,,,,,,,,
official_site,recordreport.com.ve,Record Report,,,,,20.0,"""PLAYITA""
ELIO LEIROS Y JERRY DI
OTROS",,,2025-11-10T14:37:33.787329+00:00,,,,,,,,,,,,
official_site,recordreport.com.ve,Record Report,,,,,30.0,"""BRUTOS""
FARRUKO, POTRO ALVAREZ, JESSI
CARBON",,,2025-11-10T14:37:33.787329+00:00,,,,,,,,,,,,
official_site,recordreport.com.ve,Record Report,,,,,40.0,"""DANDO INSTRUCCIONES""
JESSI URIBE, JEAN C. CENTENO
BOHEMI",,,2025-11-10T14:37:33.787329+00:00,,,,,,,,,,,,
official_site,recordreport.com.ve,Record Report,,,,,50.0,"""QUE ME QUIERA MA""
MARC ANTHONY, WISIN
SONY",,,2025-11-10T14:37:33.787329+00:00,,,,,,,,,,,,
official_site,turntablecharts.com,TurnTable Top,,,,,10.0,FUN Rema,,,2025-11-10T14:31:10.192616+00:00,,,,,,,,,,,,
official_site,turntablecharts.com,TurnTable Top,,,,,20.0,Who's Dat Girl Ayra Starr & Rema,,,2025-11-10T14:31:10.192616+00:00,,,,,,,,,,,,
official_site,turntablecharts.com,TurnTable Top,,,,,30.0,Shakabulizzy (Remix) Mavo & Davido,,,2025-11-10T14:31:10.192616+00:00,,,,,,,,,,,,
official_site,turntablecharts.com,TurnTable Top,,,,,40.0,Body (danz) CKay ft. Mavo,,,2025-11-10T14:31:10.192616+00:00,,,,,,,,,,,,
official_site,turntablecharts.com,TurnTable Top,,,,,50.0,"MONEY CONSTANT DJ Maphorisa, DJ Tunez, Wizkid & Mavo",,,2025-11-10T14:31:10.192616+00:00,,,,,,,,,,,,
official_site,turntablecharts.com,TurnTable Top,,,,,60.0,you FOLA,,,2025-11-10T14:31:10.192616+00:00,,,,,,,,,,,,
official_site,turntablecharts.com,TurnTable Top,,,,,70.0,"Getting Paid Sarz, Asake, Wizkid & Skillibeng",,,2025-11-10T14:31:10.192616+00:00,,,,,,,,,,,,
official_site,turntablecharts.com,TurnTable Top,,,,,80.0,ACL Blaqbonez,,,2025-11-10T14:31:10.192616+00:00,,,,,,,,,,,,
official_site,turntablecharts.com,TurnTable Top,,,,,90.0,INDUSTRY MACHINE ODUMODUBLVCK,,,2025-11-10T14:31:10.192616+00:00,,,,,,,,,,,,
official_site,turntablecharts.com,TurnTable Top,,,,,100.0,Raindance Dave & Tems,,,2025-11-10T14:31:10.192616+00:00,,,,,,,,,,,,
official_site,turntablecharts.com,TurnTable Top,,,,,110.0,Only God Can Save Me Adekunle Gold & Davido,,,2025-11-10T14:31:10.192616+00:00,,,,,,,,,,,,
official_site,turntablecharts.com,TurnTable Top,,,,,120.0,Love Burna Boy,,,2025-11-10T14:31:10.192616+00:00,,,,,,,,,,,,
official_site,turntablecharts.com,TurnTable Top,,,,,130.0,BIG TIME ODUMODUBLVCK & Wizkid,,,2025-11-10T14:31:10.192616+00:00,,,,,,,,,,,,
official_site,turntablecharts.com,TurnTable Top,,,,,140.0,Adunni Rybeena & Joeboy,,,2025-11-10T14:31:10.192616+00:00,,,,,,,,,,,,
official_site,turntablecharts.com,TurnTable Top,,,,,150.0,Hot Body Ayra Starr,,,2025-11-10T14:31:10.192616+00:00,,,,,,,,,,,,
official_site,turntablecharts.com,TurnTable Top,,,,,160.0,HIM Shallipopi ft. Gunna,,,2025-11-10T14:31:10.192616+00:00,,,,,,,,,,,,
official_site,turntablecharts.com,TurnTable Top,,,,,170.0,Many People Adekunle Gold,,,2025-11-10T14:31:10.192616+00:00,,,,,,,,,,,,
official_site,turntablecharts.com,TurnTable Top,,,,,180.0,Despacito Blaqbonez ft. FOLA,,,2025-11-10T14:31:10.192616+00:00,,,,,,,,,,,,
official_site,turntablecharts.com,TurnTable Top,,,,,190.0,"One Condition DJ Tunez, Wizkid & FOLA",,,2025-11-10T14:31:10.192616+00:00,,,,,,,,,,,,
official_site,turntablecharts.com,TurnTable Top,,,,,200.0,Demons Zlatan ft. Qing Madi,,,2025-11-10T14:31:10.192616+00:00,,,,,,,,,,,,
official_site,turntablecharts.com,TurnTable Top,,,,,210.0,"Isaka II (6am) Ciza, Tems & Omah Lay ft. Thukuthela, Ja...",,,2025-11-10T14:31:10.192616+00:00,,,,,,,,,,,,
official_site,turntablecharts.com,TurnTable Top,,,,,220.0,Dangbana Riddim Bella Shmurda & FOLA,,,2025-11-10T14:31:10.192616+00:00,,,,,,,,,,,,
official_site,turntablecharts.com,TurnTable Top,,,,,230.0,eko FOLA,,,2025-11-10T14:31:10.192616+00:00,,,,,,,,,,,,
official_site,turntablecharts.com,TurnTable Top,,,,,240.0,Spaghetti Rybeena,,,2025-11-10T14:31:10.192616+00:00,,,,,,,,,,,,
official_site,turntablecharts.com,TurnTable Top,,,,,250.0,On a Kentro Fireboy DML & Pheelz ft. L.A.X,,,2025-11-10T14:31:10.192616+00:00,,,,,,,,,,,,
official_site,turntablecharts.com,TurnTable Top,,,,,260.0,lost FOLA & Kizz Daniel,,,2025-11-10T14:31:10.192616+00:00,,,,,,,,,,,,
official_site,turntablecharts.com,TurnTable Top,,,,,270.0,"99 Olamide, Seyi Vibez, Asake & Young Jonn ...",,,2025-11-10T14:31:10.192616+00:00,,,,,,,,,,,,
official_site,turntablecharts.com,TurnTable Top,,,,,280.0,"Ewo Famous PLuto, Shallipopi & Zerrydl",,,2025-11-10T14:31:10.192616+00:00,,,,,,,,,,,,
official_site,turntablecharts.com,TurnTable Top,,,,,290.0,HOW ARE YOU Seyi Vibez,,,2025-11-10T14:31:10.192616+00:00,,,,,,,,,,,,
official_site,turntablecharts.com,TurnTable Top,,,,,300.0,With You Davido ft. Omah Lay,,,2025-11-10T14:31:10.192616+00:00,,,,,,,,,,,,
official_site,turntablecharts.com,TurnTable Top,,,,,310.0,Very Soon BNXN & FOLA,,,2025-11-10T14:31:10.192616+00:00,,,,,,,,,,,,
official_site,turntablecharts.com,TurnTable Top,,,,,320.0,CELINE DION Zinoleesky,,,2025-11-10T14:31:10.192616+00:00,,,,,,,,,,,,
official_site,turntablecharts.com,TurnTable Top,,,,,330.0,caricature FOLA,,,2025-11-10T14:31:10.192616+00:00,,,,,,,,,,,,
official_site,turntablecharts.com,TurnTable Top,,,,,340.0,History Dave & James Blake,,,2025-11-10T14:31:10.192616+00:00,,,,,,,,,,,,
official_site,turntablecharts.com,TurnTable Top,,,,,350.0,BADMAN GANGSTA Asake & Tiakola,,,2025-11-10T14:31:10.192616+00:00,,,,,,,,,,,,
official_site,turntablecharts.com,TurnTable Top,,,,,360.0,"GROOVING ODUMODUBLVCK, Davido & Seun Kuti",,,2025-11-10T14:31:10.192616+00:00,,,,,,,,,,,,
official_site,turntablecharts.com,TurnTable Top,,,,,370.0,Bounce Bella Shmurda & Seyi Vibez,,,2025-11-10T14:31:10.192616+00:00,,,,,,,,,,,,
official_site,turntablecharts.com,TurnTable Top,,,,,380.0,Sawa Lojay & Victony,,,2025-11-10T14:31:10.192616+00:00,,,,,,,,,,,,
official_site,turntablecharts.com,TurnTable Top,,,,,390.0,"ABANGANI DJ Maphorisa, DJ Tunez & Wizkid",,,2025-11-10T14:31:10.192616+00:00,,,,,,,,,,,,
official_site,turntablecharts.com,TurnTable Top,,,,,400.0,Appraisal Bella Shmurda,,,2025-11-10T14:31:10.192616+00:00,,,,,,,,,,,,
official_site,turntablecharts.com,TurnTable Top,,,,,410.0,Skido Victony & Olamide,,,2025-11-10T14:31:10.192616+00:00,,,,,,,,,,,,
official_site,turntablecharts.com,TurnTable Top,,,,,420.0,Laho II Shallipopi & Burna Boy,,,2025-11-10T14:31:10.192616+00:00,,,,,,,,,,,,
official_site,turntablecharts.com,TurnTable Top,,,,,430.0,Ring Joeboy & Shoday,,,2025-11-10T14:31:10.192616+00:00,,,,,,,,,,,,
official_site,turntablecharts.com,TurnTable Top,,,,,440.0,Dem Dey Burna Boy,,,2025-11-10T14:31:10.192616+00:00,,,,,,,,,,,,
official_site,turntablecharts.com,TurnTable Top,,,,,450.0,healer FOLA,,,2025-11-10T14:31:10.192616+00:00,,,,,,,,,,,,
official_site,turntablecharts.com,TurnTable Top,,,,,460.0,who does that? FOLA ft. Bella Shmurda,,,2025-11-10T14:31:10.192616+00:00,,,,,,,,,,,,
official_site,turntablecharts.com,TurnTable Top,,,,,470.0,PAWON 1da Banton,,,2025-11-10T14:31:10.192616+00:00,,,,,,,,,,,,
official_site,turntablecharts.com,TurnTable Top,,,,,480.0,"Billionaires Club Olamide, Wizkid & Darkoo",,,2025-11-10T14:31:10.192616+00:00,,,,,,,,,,,,
official_site,turntablecharts.com,TurnTable Top,,,,,490.0,golibe FOLA & Victony,,,2025-11-10T14:31:10.192616+00:00,,,,,,,,,,,,
official_site,turntablecharts.com,TurnTable Top,,,,,500.0,Body Go Moliy & Tyla,,,2025-11-10T14:31:10.192616+00:00,,,,,,,,,,,,
official_site,turntablecharts.com,TurnTable Top  100 chart,,,,,10.0,FUN Rema,,,2025-11-10T14:31:12.665866+00:00,,,,,,,,,,,,
official_site,turntablecharts.com,TurnTable Top  100 chart,,,,,20.0,Who's Dat Girl Ayra Starr & Rema,,,2025-11-10T14:31:12.665866+00:00,,,,,,,,,,,,
official_site,turntablecharts.com,TurnTable Top  100 chart,,,,,30.0,Shakabulizzy (Remix) Mavo & Davido,,,2025-11-10T14:31:12.665866+00:00,,,,,,,,,,,,
official_site,turntablecharts.com,TurnTable Top  100 chart,,,,,40.0,Body (danz) CKay ft. Mavo,,,2025-11-10T14:31:12.665866+00:00,,,,,,,,,,,,
official_site,turntablecharts.com,TurnTable Top  100 chart,,,,,50.0,"MONEY CONSTANT DJ Maphorisa, DJ Tunez, Wizkid & Mavo",,,2025-11-10T14:31:12.665866+00:00,,,,,,,,,,,,
official_site,turntablecharts.com,TurnTable Top  100 chart,,,,,60.0,you FOLA,,,2025-11-10T14:31:12.665866+00:00,,,,,,,,,,,,
official_site,turntablecharts.com,TurnTable Top  100 chart,,,,,70.0,"Getting Paid Sarz, Asake, Wizkid & Skillibeng",,,2025-11-10T14:31:12.665866+00:00,,,,,,,,,,,,
official_site,turntablecharts.com,TurnTable Top  100 chart,,,,,80.0,ACL Blaqbonez,,,2025-11-10T14:31:12.665866+00:00,,,,,,,,,,,,
official_site,turntablecharts.com,TurnTable Top  100 chart,,,,,90.0,INDUSTRY MACHINE ODUMODUBLVCK,,,2025-11-10T14:31:12.665866+00:00,,,,,,,,,,,,
official_site,turntablecharts.com,TurnTable Top  100 chart,,,,,100.0,Raindance Dave & Tems,,,2025-11-10T14:31:12.665866+00:00,,,,,,,,,,,,
official_site,turntablecharts.com,TurnTable Top  100 chart,,,,,110.0,Only God Can Save Me Adekunle Gold & Davido,,,2025-11-10T14:31:12.665866+00:00,,,,,,,,,,,,
official_site,turntablecharts.com,TurnTable Top  100 chart,,,,,120.0,Love Burna Boy,,,2025-11-10T14:31:12.665866+00:00,,,,,,,,,,,,
official_site,turntablecharts.com,TurnTable Top  100 chart,,,,,130.0,BIG TIME ODUMODUBLVCK & Wizkid,,,2025-11-10T14:31:12.665866+00:00,,,,,,,,,,,,
official_site,turntablecharts.com,TurnTable Top  100 chart,,,,,140.0,Adunni Rybeena & Joeboy,,,2025-11-10T14:31:12.665866+00:00,,,,,,,,,,,,
official_site,turntablecharts.com,TurnTable Top  100 chart,,,,,150.0,Hot Body Ayra Starr,,,2025-11-10T14:31:12.665866+00:00,,,,,,,,,,,,
official_site,turntablecharts.com,TurnTable Top  100 chart,,,,,160.0,HIM Shallipopi ft. Gunna,,,2025-11-10T14:31:12.665866+00:00,,,,,,,,,,,,
official_site,turntablecharts.com,TurnTable Top  100 chart,,,,,170.0,Many People Adekunle Gold,,,2025-11-10T14:31:12.665866+00:00,,,,,,,,,,,,
official_site,turntablecharts.com,TurnTable Top  100 chart,,,,,180.0,Despacito Blaqbonez ft. FOLA,,,2025-11-10T14:31:12.665866+00:00,,,,,,,,,,,,
official_site,turntablecharts.com,TurnTable Top  100 chart,,,,,190.0,"One Condition DJ Tunez, Wizkid & FOLA",,,2025-11-10T14:31:12.665866+00:00,,,,,,,,,,,,
official_site,turntablecharts.com,TurnTable Top  100 chart,,,,,200.0,Demons Zlatan ft. Qing Madi,,,2025-11-10T14:31:12.665866+00:00,,,,,,,,,,,,
official_site,turntablecharts.com,TurnTable Top  100 chart,,,,,210.0,"Isaka II (6am) Ciza, Tems & Omah Lay ft. Thukuthela, Ja...",,,2025-11-10T14:31:12.665866+00:00,,,,,,,,,,,,
official_site,turntablecharts.com,TurnTable Top  100 chart,,,,,220.0,Dangbana Riddim Bella Shmurda & FOLA,,,2025-11-10T14:31:12.665866+00:00,,,,,,,,,,,,
official_site,turntablecharts.com,TurnTable Top  100 chart,,,,,230.0,eko FOLA,,,2025-11-10T14:31:12.665866+00:00,,,,,,,,,,,,
official_site,turntablecharts.com,TurnTable Top  100 chart,,,,,240.0,Spaghetti Rybeena,,,2025-11-10T14:31:12.665866+00:00,,,,,,,,,,,,
official_site,turntablecharts.com,TurnTable Top  100 chart,,,,,250.0,On a Kentro Fireboy DML & Pheelz ft. L.A.X,,,2025-11-10T14:31:12.665866+00:00,,,,,,,,,,,,
official_site,turntablecharts.com,TurnTable Top  100 chart,,,,,260.0,lost FOLA & Kizz Daniel,,,2025-11-10T14:31:12.665866+00:00,,,,,,,,,,,,
official_site,turntablecharts.com,TurnTable Top  100 chart,,,,,270.0,"99 Olamide, Seyi Vibez, Asake & Young Jonn ...",,,2025-11-10T14:31:12.665866+00:00,,,,,,,,,,,,
official_site,turntablecharts.com,TurnTable Top  100 chart,,,,,280.0,"Ewo Famous PLuto, Shallipopi & Zerrydl",,,2025-11-10T14:31:12.665866+00:00,,,,,,,,,,,,
official_site,turntablecharts.com,TurnTable Top  100 chart,,,,,290.0,HOW ARE YOU Seyi Vibez,,,2025-11-10T14:31:12.665866+00:00,,,,,,,,,,,,
official_site,turntablecharts.com,TurnTable Top  100 chart,,,,,300.0,With You Davido ft. Omah Lay,,,2025-11-10T14:31:12.665866+00:00,,,,,,,,,,,,
official_site,turntablecharts.com,TurnTable Top  100 chart,,,,,310.0,Very Soon BNXN & FOLA,,,2025-11-10T14:31:12.665866+00:00,,,,,,,,,,,,
official_site,turntablecharts.com,TurnTable Top  100 chart,,,,,320.0,CELINE DION Zinoleesky,,,2025-11-10T14:31:12.665866+00:00,,,,,,,,,,,,
official_site,turntablecharts.com,TurnTable Top  100 chart,,,,,330.0,caricature FOLA,,,2025-11-10T14:31:12.665866+00:00,,,,,,,,,,,,
official_site,turntablecharts.com,TurnTable Top  100 chart,,,,,340.0,History Dave & James Blake,,,2025-11-10T14:31:12.665866+00:00,,,,,,,,,,,,
official_site,turntablecharts.com,TurnTable Top  100 chart,,,,,350.0,BADMAN GANGSTA Asake & Tiakola,,,2025-11-10T14:31:12.665866+00:00,,,,,,,,,,,,
official_site,turntablecharts.com,TurnTable Top  100 chart,,,,,360.0,"GROOVING ODUMODUBLVCK, Davido & Seun Kuti",,,2025-11-10T14:31:12.665866+00:00,,,,,,,,,,,,
official_site,turntablecharts.com,TurnTable Top  100 chart,,,,,370.0,Bounce Bella Shmurda & Seyi Vibez,,,2025-11-10T14:31:12.665866+00:00,,,,,,,,,,,,
official_site,turntablecharts.com,TurnTable Top  100 chart,,,,,380.0,Sawa Lojay & Victony,,,2025-11-10T14:31:12.665866+00:00,,,,,,,,,,,,
official_site,turntablecharts.com,TurnTable Top  100 chart,,,,,390.0,"ABANGANI DJ Maphorisa, DJ Tunez & Wizkid",,,2025-11-10T14:31:12.665866+00:00,,,,,,,,,,,,
official_site,turntablecharts.com,TurnTable Top  100 chart,,,,,400.0,Appraisal Bella Shmurda,,,2025-11-10T14:31:12.665866+00:00,,,,,,,,,,,,
official_site,turntablecharts.com,TurnTable Top  100 chart,,,,,410.0,Skido Victony & Olamide,,,2025-11-10T14:31:12.665866+00:00,,,,,,,,,,,,
official_site,turntablecharts.com,TurnTable Top  100 chart,,,,,420.0,Laho II Shallipopi & Burna Boy,,,2025-11-10T14:31:12.665866+00:00,,,,,,,,,,,,
official_site,turntablecharts.com,TurnTable Top  100 chart,,,,,430.0,Ring Joeboy & Shoday,,,2025-11-10T14:31:12.665866+00:00,,,,,,,,,,,,
official_site,turntablecharts.com,TurnTable Top  100 chart,,,,,440.0,Dem Dey Burna Boy,,,2025-11-10T14:31:12.665866+00:00,,,,,,,,,,,,
official_site,turntablecharts.com,TurnTable Top  100 chart,,,,,450.0,healer FOLA,,,2025-11-10T14:31:12.665866+00:00,,,,,,,,,,,,
official_site,turntablecharts.com,TurnTable Top  100 chart,,,,,460.0,who does that? FOLA ft. Bella Shmurda,,,2025-11-10T14:31:12.665866+00:00,,,,,,,,,,,,
official_site,turntablecharts.com,TurnTable Top  100 chart,,,,,470.0,PAWON 1da Banton,,,2025-11-10T14:31:12.665866+00:00,,,,,,,,,,,,
official_site,turntablecharts.com,TurnTable Top  100 chart,,,,,480.0,"Billionaires Club Olamide, Wizkid & Darkoo",,,2025-11-10T14:31:12.665866+00:00,,,,,,,,,,,,
official_site,turntablecharts.com,TurnTable Top  100 chart,,,,,490.0,golibe FOLA & Victony,,,2025-11-10T14:31:12.665866+00:00,,,,,,,,,,,,
official_site,turntablecharts.com,TurnTable Top  100 chart,,,,,500.0,Body Go Moliy & Tyla,,,2025-11-10T14:31:12.665866+00:00,,,,,,,,,,,,
official_site,turntablecharts.com,TurnTable Top 100 Album,,,,,10.0,catharsis FOLA,,,2025-11-10T14:31:15.113015+00:00,,,,,,,,,,,,
official_site,turntablecharts.com,TurnTable Top 100 Album,,,,,20.0,The Boy Who Played The Harp Dave,,,2025-11-10T14:31:15.113015+00:00,,,,,,,,,,,,
official_site,turntablecharts.com,TurnTable Top 100 Album,,,,,30.0,INDUSTRY MACHINE,,,2025-11-10T14:31:15.113015+00:00,,,,,,,,,,,,
official_site,turntablecharts.com,TurnTable Top 100 Album,,,,,40.0,Sanity Bella Shmurda,,,2025-11-10T14:31:15.113015+00:00,,,,,,,,,,,,
official_site,turntablecharts.com,TurnTable Top 100 Album,,,,,50.0,Symbol Of Hope Zlatan,,,2025-11-10T14:31:15.113015+00:00,,,,,,,,,,,,
official_site,turntablecharts.com,TurnTable Top 100 Album,,,,,60.0,Kilometer II Mavo,,,2025-11-10T14:31:15.113015+00:00,,,,,,,,,,,,
official_site,turntablecharts.com,TurnTable Top 100 Album,,,,,70.0,CAPTAIN BNXN,,,2025-11-10T14:31:15.113015+00:00,,,,,,,,,,,,
official_site,turntablecharts.com,TurnTable Top 100 Album,,,,,80.0,No Excuses Blaqbonez,,,2025-11-10T14:31:15.113015+00:00,,,,,,,,,,,,
official_site,turntablecharts.com,TurnTable Top 100 Album,,,,,90.0,Mr Bee Rybeena,,,2025-11-10T14:31:15.113015+00:00,,,,,,,,,,,,
official_site,turntablecharts.com,TurnTable Top 100 Album,,,,,100.0,Fuji Adekunle Gold,,,2025-11-10T14:31:15.113015+00:00,,,,,,,,,,,,
official_site,turntablecharts.com,TurnTable Top 100 Album,,,,,110.0,No Sign Of Weakness Burna Boy,,,2025-11-10T14:31:15.113015+00:00,,,,,,,,,,,,
official_site,turntablecharts.com,TurnTable Top 100 Album,,,,,120.0,Olamide Olamide,,,2025-11-10T14:31:15.113015+00:00,,,,,,,,,,,,
official_site,turntablecharts.com,TurnTable Top 100 Album,,,,,130.0,Work Of Art Asake,,,2025-11-10T14:31:15.113015+00:00,,,,,,,,,,,,
official_site,turntablecharts.com,TurnTable Top 100 Album,,,,,140.0,Uzama The 3rd,EP Famous PLuto,,2025-11-10T14:31:15.113015+00:00,,,,,,,,,,,,
official_site,turntablecharts.com,TurnTable Top 100 Album,,,,,150.0,Protect Sarz At All Cost Sarz,,,2025-11-10T14:31:15.113015+00:00,,,,,,,,,,,,
official_site,turntablecharts.com,TurnTable Top 100 Album,,,,,160.0,Lungu Boy Asake,,,2025-11-10T14:31:15.113015+00:00,,,,,,,,,,,,
official_site,turntablecharts.com,TurnTable Top 100 Album,,,,,170.0,IRON BOY Black Sherif,,,2025-11-10T14:31:15.113015+00:00,,,,,,,,,,,,
official_site,turntablecharts.com,TurnTable Top 100 Album,,,,,180.0,The Last Wun Gunna,,,2025-11-10T14:31:15.113015+00:00,,,,,,,,,,,,
official_site,turntablecharts.com,TurnTable Top 100 Album,,,,,190.0,Mr. Money With The Vibe Asake,,,2025-11-10T14:31:15.113015+00:00,,,,,,,,,,,,
official_site,turntablecharts.com,TurnTable Top 100 Album,,,,,200.0,Boy Alone: Deluxe Edition Omah Lay,,,2025-11-10T14:31:15.113015+00:00,,,,,,,,,,,,
official_site,turntablecharts.com,TurnTable Top 100 Album,,,,,210.0,5ive Davido,,,2025-11-10T14:31:15.113015+00:00,,,,,,,,,,,,
official_site,turntablecharts.com,TurnTable Top 100 Album,,,,,220.0,Morayo Wizkid,,,2025-11-10T14:31:15.113015+00:00,,,,,,,,,,,,
official_site,turntablecharts.com,TurnTable Top 100 Album,,,,,230.0,Thy Kingdom Come Seyi Vibez,,,2025-11-10T14:31:15.113015+00:00,,,,,,,,,,,,
official_site,turntablecharts.com,TurnTable Top 100 Album,,,,,240.0,Prince Of The Street Ayo Maff,,,2025-11-10T14:31:15.113015+00:00,,,,,,,,,,,,
official_site,turntablecharts.com,TurnTable Top 100 Album,,,,,250.0,what a feeling,EP FOLA,,2025-11-10T14:31:15.113015+00:00,,,,,,,,,,,,
official_site,turntablecharts.com,TurnTable Top 100 Album,,,,,260.0,EZIOKWU (UNCUT) ODUMODUBLVCK,,,2025-11-10T14:31:15.113015+00:00,,,,,,,,,,,,
official_site,turntablecharts.com,TurnTable Top 100 Album,,,,,270.0,THE MACHINE IS COMING ODUMODUBLVCK,,,2025-11-10T14:31:15.113015+00:00,,,,,,,,,,,,
official_site,turntablecharts.com,TurnTable Top 100 Album,,,,,280.0,Shakur (Deluxe) T.I BLAZE,,,2025-11-10T14:31:15.113015+00:00,,,,,,,,,,,,
official_site,turntablecharts.com,TurnTable Top 100 Album,,,,,290.0,Children Of Africa,EP Seyi Vibez,,2025-11-10T14:31:15.113015+00:00,,,,,,,,,,,,
official_site,turntablecharts.com,TurnTable Top 100 Album,,,,,300.0,Made In Lagos: Deluxe Edition Wizkid,,,2025-11-10T14:31:15.113015+00:00,,,,,,,,,,,,
official_site,turntablecharts.com,TurnTable Top 100 Album,,,,,310.0,Uncle K: Lemon Chase Kizz Daniel,,,2025-11-10T14:31:15.113015+00:00,,,,,,,,,,,,
official_site,turntablecharts.com,TurnTable Top 100 Album,,,,,320.0,Loseyi Professor Seyi Vibez,,,2025-11-10T14:31:15.113015+00:00,,,,,,,,,,,,
official_site,turntablecharts.com,TurnTable Top 100 Album,,,,,330.0,Rave & Roses (Ultra) Rema,,,2025-11-10T14:31:15.113015+00:00,,,,,,,,,,,,
official_site,turntablecharts.com,TurnTable Top 100 Album,,,,,340.0,"Sincerely, Benson BNXN",,,2025-11-10T14:31:15.113015+00:00,,,,,,,,,,,,
official_site,turntablecharts.com,TurnTable Top 100 Album,,,,,350.0,GEN Z Zinoleesky,,,2025-11-10T14:31:15.113015+00:00,,,,,,,,,,,,
official_site,turntablecharts.com,TurnTable Top 100 Album,,,,,360.0,Timeless Davido,,,2025-11-10T14:31:15.113015+00:00,,,,,,,,,,,,
official_site,turntablecharts.com,TurnTable Top 100 Album,,,,,370.0,HEIS Rema,,,2025-11-10T14:31:15.113015+00:00,,,,,,,,,,,,
official_site,turntablecharts.com,TurnTable Top 100 Album,,,,,380.0,Twice As Tall Burna Boy,,,2025-11-10T14:31:15.113015+00:00,,,,,,,,,,,,
official_site,turntablecharts.com,TurnTable Top 100 Album,,,,,390.0,Billion Dollar Baby 2.0 Seyi Vibez,,,2025-11-10T14:31:15.113015+00:00,,,,,,,,,,,,
official_site,turntablecharts.com,TurnTable Top 100 Album,,,,,400.0,Choir Refix Urban Chords,,,2025-11-10T14:31:15.113015+00:00,,,,,,,,,,,,
official_site,turntablecharts.com,TurnTable Top 100 Album,,,,,410.0,"Love, Damini Burna Boy",,,2025-11-10T14:31:15.113015+00:00,,,,,,,,,,,,
official_site,turntablecharts.com,TurnTable Top 100 Album,,,,,420.0,"KPop Demon Hunters (Soundtrack From The Netflix Film) Kpop Demon Hunters Cast, HUNTRX & Saja B...",,,2025-11-10T14:31:15.113015+00:00,,,,,,,,,,,,
official_site,turntablecharts.com,TurnTable Top 100 Album,,,,,430.0,Jiggy forever Young Jonn,,,2025-11-10T14:31:15.113015+00:00,,,,,,,,,,,,
official_site,turntablecharts.com,TurnTable Top 100 Album,,,,,440.0,One Of Wun Gunna,,,2025-11-10T14:31:15.113015+00:00,,,,,,,,,,,,
official_site,turntablecharts.com,TurnTable Top 100 Album,,,,,450.0,Sweet Songs 4 You Lasmid & Tml Vibez,,,2025-11-10T14:31:15.113015+00:00,,,,,,,,,,,,
official_site,turntablecharts.com,TurnTable Top 100 Album,,,,,460.0,MAFFIAN Ayo Maff,,,2025-11-10T14:31:15.113015+00:00,,,,,,,,,,,,
official_site,turntablecharts.com,TurnTable Top 100 Album,,,,,470.0,I Told Them Burna Boy,,,2025-11-10T14:31:15.113015+00:00,,,,,,,,,,,,
official_site,turntablecharts.com,TurnTable Top 100 Album,,,,,480.0,Barrystar Vol. 1 Barry Jhay,,,2025-11-10T14:31:15.113015+00:00,,,,,,,,,,,,
official_site,turntablecharts.com,TurnTable Top 100 Album,,,,,490.0,Blessed MohBad,,,2025-11-10T14:31:15.113015+00:00,,,,,,,,,,,,
official_site,turntablecharts.com,TurnTable Top 100 Album,,,,,500.0,Shakespopi Shallipopi,,,2025-11-10T14:31:15.113015+00:00,,,,,,,,,,,,
official_site,turntablecharts.com,TurnTable Top,,,,,510.0,Na So Shallipopi,,,2025-11-10T14:34:42.045796+00:00,,,,,,,,,,,,
official_site,turntablecharts.com,TurnTable Top,,,,,520.0,"Escaladizzy II Mavo, Ayra Starr & Shallipopi ft. Zlatan",,,2025-11-10T14:34:42.045796+00:00,,,,,,,,,,,,
official_site,turntablecharts.com,TurnTable Top,,,,,530.0,IF YOU LIKE GYM ODUMODUBLVCK & Modenine,,,2025-11-10T14:34:42.045796+00:00,,,,,,,,,,,,
official_site,turntablecharts.com,TurnTable Top,,,,,540.0,Cash Flow Young Jonn ft. Wizkid,,,2025-11-10T14:34:42.045796+00:00,,,,,,,,,,,,
official_site,turntablecharts.com,TurnTable Top,,,,,550.0,Rover Khaid & Ayo Maff,,,2025-11-10T14:34:42.045796+00:00,,,,,,,,,,,,
official_site,turntablecharts.com,TurnTable Top,,,,,560.0,WHERE IS MY HUSBAND! RAYE,,,2025-11-10T14:34:42.045796+00:00,,,,,,,,,,,,
official_site,turntablecharts.com,TurnTable Top,,,,,570.0,Believe Adekunle Gold,,,2025-11-10T14:34:42.045796+00:00,,,,,,,,,,,,
official_site,turntablecharts.com,TurnTable Top,,,,,580.0,Amiri (Trumpet) Tml Vibez,,,2025-11-10T14:34:42.045796+00:00,,,,,,,,,,,,
official_site,turntablecharts.com,TurnTable Top,,,,,590.0,Pressure Seyi Vibez,,,2025-11-10T14:34:42.045796+00:00,,,,,,,,,,,,
official_site,turntablecharts.com,TurnTable Top,,,,,600.0,The Fate of Ophelia Taylor Swift,,,2025-11-10T14:34:42.045796+00:00,,,,,,,,,,,,
official_site,turntablecharts.com,TurnTable Top,,,,,610.0,175 Months Dave,,,2025-11-10T14:34:42.045796+00:00,,,,,,,,,,,,
official_site,turntablecharts.com,TurnTable Top,,,,,620.0,Chapter 16 Dave & Kano,,,2025-11-10T14:34:42.045796+00:00,,,,,,,,,,,,
official_site,turntablecharts.com,TurnTable Top,,,,,630.0,Titi Kizz Daniel & FOLA,,,2025-11-10T14:34:42.045796+00:00,,,,,,,,,,,,
official_site,turntablecharts.com,TurnTable Top,,,,,640.0,Mad Oh Peruzzi ft. The Cavemen.,,,2025-11-10T14:34:42.045796+00:00,,,,,,,,,,,,
official_site,turntablecharts.com,TurnTable Top,,,,,650.0,Dopamine Fireboy DML,,,2025-11-10T14:34:42.045796+00:00,,,,,,,,,,,,
official_site,turntablecharts.com,TurnTable Top,,,,,660.0,forever be mine Gunna ft. Wizkid,,,2025-11-10T14:34:42.045796+00:00,,,,,,,,,,,,
official_site,turntablecharts.com,TurnTable Top,,,,,670.0,Lonely Road T.I BLAZE & Llona,,,2025-11-10T14:34:42.045796+00:00,,,,,,,,,,,,
official_site,turntablecharts.com,TurnTable Top,,,,,680.0,Laye Mi BNXN,,,2025-11-10T14:34:42.045796+00:00,,,,,,,,,,,,
official_site,turntablecharts.com,TurnTable Top,,,,,690.0,Man I Need Olivia Dean,,,2025-11-10T14:34:42.045796+00:00,,,,,,,,,,,,
official_site,turntablecharts.com,TurnTable Top,,,,,700.0,NBA LADIPOE & Ayo Maff,,,2025-11-10T14:34:42.045796+00:00,,,,,,,,,,,,
official_site,turntablecharts.com,TurnTable Top,,,,,710.0,"FIESTA DJ Maphorisa, DJ Tunez & Wizkid ft. Zaba...",,,2025-11-10T14:34:42.045796+00:00,,,,,,,,,,,,
official_site,turntablecharts.com,TurnTable Top,,,,,720.0,Addiction DeeYasso,,,2025-11-10T14:34:42.045796+00:00,,,,,,,,,,,,
official_site,turntablecharts.com,TurnTable Top,,,,,730.0,Hip Hop Messiah Zlatan ft. Davido,,,2025-11-10T14:34:42.045796+00:00,,,,,,,,,,,,
official_site,turntablecharts.com,TurnTable Top,,,,,740.0,No Weapons Dave & Jim Legxacy,,,2025-11-10T14:34:42.045796+00:00,,,,,,,,,,,,
official_site,turntablecharts.com,TurnTable Top,,,,,750.0,Full Control Young Jonn,,,2025-11-10T14:34:42.045796+00:00,,,,,,,,,,,,
official_site,turntablecharts.com,TurnTable Top,,,,,760.0,Oluwatosin Tkeyz & Stevehills,,,2025-11-10T14:34:42.045796+00:00,,,,,,,,,,,,
official_site,turntablecharts.com,TurnTable Top,,,,,770.0,My 27th Birthday Dave,,,2025-11-10T14:34:42.045796+00:00,,,,,,,,,,,,
official_site,turntablecharts.com,TurnTable Top,,,,,780.0,Sanity Bella Shmurda ft. Kunmie,,,2025-11-10T14:34:42.045796+00:00,,,,,,,,,,,,
official_site,turntablecharts.com,TurnTable Top,,,,,790.0,Better Days Hotkid,,,2025-11-10T14:34:42.045796+00:00,,,,,,,,,,,,
official_site,turntablecharts.com,TurnTable Top,,,,,800.0,Selfish Dave & James Blake,,,2025-11-10T14:34:42.045796+00:00,,,,,,,,,,,,
official_site,turntablecharts.com,TurnTable Top,,,,,810.0,Make Way Ruger,,,2025-11-10T14:34:42.045796+00:00,,,,,,,,,,,,
official_site,turntablecharts.com,TurnTable Top,,,,,820.0,The Boy Who Played The Harp Dave,,,2025-11-10T14:34:42.045796+00:00,,,,,,,,,,,,
official_site,turntablecharts.com,TurnTable Top,,,,,830.0,Gaddem Rybeena & Shoday,,,2025-11-10T14:34:42.045796+00:00,,,,,,,,,,,,
official_site,turntablecharts.com,TurnTable Top,,,,,840.0,Calculate II Kidd Carder & Young Jonn,,,2025-11-10T14:34:42.045796+00:00,,,,,,,,,,,,
official_site,turntablecharts.com,TurnTable Top,,,,,850.0,Feeling FOLA,,,2025-11-10T14:34:42.045796+00:00,,,,,,,,,,,,
official_site,turntablecharts.com,TurnTable Top,,,,,860.0,cruise control FOLA,,,2025-11-10T14:34:42.045796+00:00,,,,,,,,,,,,
official_site,turntablecharts.com,TurnTable Top,,,,,870.0,disco FOLA & Young Jonn,,,2025-11-10T14:34:42.045796+00:00,,,,,,,,,,,,
official_site,turntablecharts.com,TurnTable Top,,,,,880.0,wgft Gunna ft. Burna Boy,,,2025-11-10T14:34:42.045796+00:00,,,,,,,,,,,,
official_site,turntablecharts.com,TurnTable Top,,,,,890.0,DYNAMITE Tyla & Wizkid,,,2025-11-10T14:34:42.045796+00:00,,,,,,,,,,,,
official_site,turntablecharts.com,TurnTable Top,,,,,900.0,"Golden (from the Netflix film Kpop Demon Hunters) HUNTRX, EJAE, AUDREY NUNA, REI AMI & KPo...",,,2025-11-10T14:34:42.045796+00:00,,,,,,,,,,,,
official_site,turntablecharts.com,TurnTable Top,,,,,910.0,Osusu Famous PLuto & Jeriq,,,2025-11-10T14:34:42.045796+00:00,,,,,,,,,,,,
official_site,turntablecharts.com,TurnTable Top,,,,,920.0,Fairchild Dave ft. Nicole Blakk,,,2025-11-10T14:34:42.045796+00:00,,,,,,,,,,,,
official_site,turntablecharts.com,TurnTable Top,,,,,930.0,To Be A Man Kizz Daniel,,,2025-11-10T14:34:42.045796+00:00,,,,,,,,,,,,
official_site,turntablecharts.com,TurnTable Top,,,,,940.0,Famous Shizzi & Tayor,,,2025-11-10T14:34:42.045796+00:00,,,,,,,,,,,,
official_site,turntablecharts.com,TurnTable Top,,,,,950.0,CHANEL Tyla,,,2025-11-10T14:34:42.045796+00:00,,,,,,,,,,,,
official_site,turntablecharts.com,TurnTable Top,,,,,960.0,See What We've Done King Promise & Mr Eazi,,,2025-11-10T14:34:42.045796+00:00,,,,,,,,,,,,
official_site,turntablecharts.com,TurnTable Top,,,,,970.0,I Alone BNXN,,,2025-11-10T14:34:42.045796+00:00,,,,,,,,,,,,
official_site,turntablecharts.com,TurnTable Top,,,,,980.0,Che Che Young Jonn ft. Asake,,,2025-11-10T14:34:42.045796+00:00,,,,,,,,,,,,
official_site,turntablecharts.com,TurnTable Top,,,,,990.0,Marvellous Dave,,,2025-11-10T14:34:42.045796+00:00,,,,,,,,,,,,
official_site,turntablecharts.com,TurnTable Top,,,,,1000.0,Jealous Type Doja Cat,,,2025-11-10T14:34:42.045796+00:00,,,,,,,,,,,,
official_site,turntablecharts.com,TurnTable Top  100 chart,,,,,510.0,Na So Shallipopi,,,2025-11-10T14:34:44.551076+00:00,,,,,,,,,,,,
official_site,turntablecharts.com,TurnTable Top  100 chart,,,,,520.0,"Escaladizzy II Mavo, Ayra Starr & Shallipopi ft. Zlatan",,,2025-11-10T14:34:44.551076+00:00,,,,,,,,,,,,
official_site,turntablecharts.com,TurnTable Top  100 chart,,,,,530.0,IF YOU LIKE GYM ODUMODUBLVCK & Modenine,,,2025-11-10T14:34:44.551076+00:00,,,,,,,,,,,,
official_site,turntablecharts.com,TurnTable Top  100 chart,,,,,540.0,Cash Flow Young Jonn ft. Wizkid,,,2025-11-10T14:34:44.551076+00:00,,,,,,,,,,,,
official_site,turntablecharts.com,TurnTable Top  100 chart,,,,,550.0,Rover Khaid & Ayo Maff,,,2025-11-10T14:34:44.551076+00:00,,,,,,,,,,,,
official_site,turntablecharts.com,TurnTable Top  100 chart,,,,,560.0,WHERE IS MY HUSBAND! RAYE,,,2025-11-10T14:34:44.551076+00:00,,,,,,,,,,,,
official_site,turntablecharts.com,TurnTable Top  100 chart,,,,,570.0,Believe Adekunle Gold,,,2025-11-10T14:34:44.551076+00:00,,,,,,,,,,,,
official_site,turntablecharts.com,TurnTable Top  100 chart,,,,,580.0,Amiri (Trumpet) Tml Vibez,,,2025-11-10T14:34:44.551076+00:00,,,,,,,,,,,,
official_site,turntablecharts.com,TurnTable Top  100 chart,,,,,590.0,Pressure Seyi Vibez,,,2025-11-10T14:34:44.551076+00:00,,,,,,,,,,,,
official_site,turntablecharts.com,TurnTable Top  100 chart,,,,,600.0,The Fate of Ophelia Taylor Swift,,,2025-11-10T14:34:44.551076+00:00,,,,,,,,,,,,
official_site,turntablecharts.com,TurnTable Top  100 chart,,,,,610.0,175 Months Dave,,,2025-11-10T14:34:44.551076+00:00,,,,,,,,,,,,
official_site,turntablecharts.com,TurnTable Top  100 chart,,,,,620.0,Chapter 16 Dave & Kano,,,2025-11-10T14:34:44.551076+00:00,,,,,,,,,,,,
official_site,turntablecharts.com,TurnTable Top  100 chart,,,,,630.0,Titi Kizz Daniel & FOLA,,,2025-11-10T14:34:44.551076+00:00,,,,,,,,,,,,
official_site,turntablecharts.com,TurnTable Top  100 chart,,,,,640.0,Mad Oh Peruzzi ft. The Cavemen.,,,2025-11-10T14:34:44.551076+00:00,,,,,,,,,,,,
official_site,turntablecharts.com,TurnTable Top  100 chart,,,,,650.0,Dopamine Fireboy DML,,,2025-11-10T14:34:44.551076+00:00,,,,,,,,,,,,
official_site,turntablecharts.com,TurnTable Top  100 chart,,,,,660.0,forever be mine Gunna ft. Wizkid,,,2025-11-10T14:34:44.551076+00:00,,,,,,,,,,,,
official_site,turntablecharts.com,TurnTable Top  100 chart,,,,,670.0,Lonely Road T.I BLAZE & Llona,,,2025-11-10T14:34:44.551076+00:00,,,,,,,,,,,,
official_site,turntablecharts.com,TurnTable Top  100 chart,,,,,680.0,Laye Mi BNXN,,,2025-11-10T14:34:44.551076+00:00,,,,,,,,,,,,
official_site,turntablecharts.com,TurnTable Top  100 chart,,,,,690.0,Man I Need Olivia Dean,,,2025-11-10T14:34:44.551076+00:00,,,,,,,,,,,,
official_site,turntablecharts.com,TurnTable Top  100 chart,,,,,700.0,NBA LADIPOE & Ayo Maff,,,2025-11-10T14:34:44.551076+00:00,,,,,,,,,,,,
official_site,turntablecharts.com,TurnTable Top  100 chart,,,,,710.0,"FIESTA DJ Maphorisa, DJ Tunez & Wizkid ft. Zaba...",,,2025-11-10T14:34:44.551076+00:00,,,,,,,,,,,,
official_site,turntablecharts.com,TurnTable Top  100 chart,,,,,720.0,Addiction DeeYasso,,,2025-11-10T14:34:44.551076+00:00,,,,,,,,,,,,
official_site,turntablecharts.com,TurnTable Top  100 chart,,,,,730.0,Hip Hop Messiah Zlatan ft. Davido,,,2025-11-10T14:34:44.551076+00:00,,,,,,,,,,,,
official_site,turntablecharts.com,TurnTable Top  100 chart,,,,,740.0,No Weapons Dave & Jim Legxacy,,,2025-11-10T14:34:44.551076+00:00,,,,,,,,,,,,
official_site,turntablecharts.com,TurnTable Top  100 chart,,,,,750.0,Full Control Young Jonn,,,2025-11-10T14:34:44.551076+00:00,,,,,,,,,,,,
official_site,turntablecharts.com,TurnTable Top  100 chart,,,,,760.0,Oluwatosin Tkeyz & Stevehills,,,2025-11-10T14:34:44.551076+00:00,,,,,,,,,,,,
official_site,turntablecharts.com,TurnTable Top  100 chart,,,,,770.0,My 27th Birthday Dave,,,2025-11-10T14:34:44.551076+00:00,,,,,,,,,,,,
official_site,turntablecharts.com,TurnTable Top  100 chart,,,,,780.0,Sanity Bella Shmurda ft. Kunmie,,,2025-11-10T14:34:44.551076+00:00,,,,,,,,,,,,
official_site,turntablecharts.com,TurnTable Top  100 chart,,,,,790.0,Better Days Hotkid,,,2025-11-10T14:34:44.551076+00:00,,,,,,,,,,,,
official_site,turntablecharts.com,TurnTable Top  100 chart,,,,,800.0,Selfish Dave & James Blake,,,2025-11-10T14:34:44.551076+00:00,,,,,,,,,,,,
official_site,turntablecharts.com,TurnTable Top  100 chart,,,,,810.0,Make Way Ruger,,,2025-11-10T14:34:44.551076+00:00,,,,,,,,,,,,
official_site,turntablecharts.com,TurnTable Top  100 chart,,,,,820.0,The Boy Who Played The Harp Dave,,,2025-11-10T14:34:44.551076+00:00,,,,,,,,,,,,
official_site,turntablecharts.com,TurnTable Top  100 chart,,,,,830.0,Gaddem Rybeena & Shoday,,,2025-11-10T14:34:44.551076+00:00,,,,,,,,,,,,
official_site,turntablecharts.com,TurnTable Top  100 chart,,,,,840.0,Calculate II Kidd Carder & Young Jonn,,,2025-11-10T14:34:44.551076+00:00,,,,,,,,,,,,
official_site,turntablecharts.com,TurnTable Top  100 chart,,,,,850.0,Feeling FOLA,,,2025-11-10T14:34:44.551076+00:00,,,,,,,,,,,,
official_site,turntablecharts.com,TurnTable Top  100 chart,,,,,860.0,cruise control FOLA,,,2025-11-10T14:34:44.551076+00:00,,,,,,,,,,,,
official_site,turntablecharts.com,TurnTable Top  100 chart,,,,,870.0,disco FOLA & Young Jonn,,,2025-11-10T14:34:44.551076+00:00,,,,,,,,,,,,
official_site,turntablecharts.com,TurnTable Top  100 chart,,,,,880.0,wgft Gunna ft. Burna Boy,,,2025-11-10T14:34:44.551076+00:00,,,,,,,,,,,,
official_site,turntablecharts.com,TurnTable Top  100 chart,,,,,890.0,DYNAMITE Tyla & Wizkid,,,2025-11-10T14:34:44.551076+00:00,,,,,,,,,,,,
official_site,turntablecharts.com,TurnTable Top  100 chart,,,,,900.0,"Golden (from the Netflix film Kpop Demon Hunters) HUNTRX, EJAE, AUDREY NUNA, REI AMI & KPo...",,,2025-11-10T14:34:44.551076+00:00,,,,,,,,,,,,
official_site,turntablecharts.com,TurnTable Top  100 chart,,,,,910.0,Osusu Famous PLuto & Jeriq,,,2025-11-10T14:34:44.551076+00:00,,,,,,,,,,,,
official_site,turntablecharts.com,TurnTable Top  100 chart,,,,,920.0,Fairchild Dave ft. Nicole Blakk,,,2025-11-10T14:34:44.551076+00:00,,,,,,,,,,,,
official_site,turntablecharts.com,TurnTable Top  100 chart,,,,,930.0,To Be A Man Kizz Daniel,,,2025-11-10T14:34:44.551076+00:00,,,,,,,,,,,,
official_site,turntablecharts.com,TurnTable Top  100 chart,,,,,940.0,Famous Shizzi & Tayor,,,2025-11-10T14:34:44.551076+00:00,,,,,,,,,,,,
official_site,turntablecharts.com,TurnTable Top  100 chart,,,,,950.0,CHANEL Tyla,,,2025-11-10T14:34:44.551076+00:00,,,,,,,,,,,,
official_site,turntablecharts.com,TurnTable Top  100 chart,,,,,960.0,See What We've Done King Promise & Mr Eazi,,,2025-11-10T14:34:44.551076+00:00,,,,,,,,,,,,
official_site,turntablecharts.com,TurnTable Top  100 chart,,,,,970.0,I Alone BNXN,,,2025-11-10T14:34:44.551076+00:00,,,,,,,,,,,,
official_site,turntablecharts.com,TurnTable Top  100 chart,,,,,980.0,Che Che Young Jonn ft. Asake,,,2025-11-10T14:34:44.551076+00:00,,,,,,,,,,,,
official_site,turntablecharts.com,TurnTable Top  100 chart,,,,,990.0,Marvellous Dave,,,2025-11-10T14:34:44.551076+00:00,,,,,,,,,,,,
official_site,turntablecharts.com,TurnTable Top  100 chart,,,,,1000.0,Jealous Type Doja Cat,,,2025-11-10T14:34:44.551076+00:00,,,,,,,,,,,,
official_site,turntablecharts.com,TurnTable Top 100 Album,,,,,510.0,Ukanigbe Mavo,,,2025-11-10T14:34:47.230132+00:00,,,,,,,,,,,,
official_site,turntablecharts.com,TurnTable Top 100 Album,,,,,520.0,Olayemi Fido,,,2025-11-10T14:34:47.230132+00:00,,,,,,,,,,,,
official_site,turntablecharts.com,TurnTable Top 100 Album,,,,,530.0,then 1t g0t crazy Zaylevelten,,,2025-11-10T14:34:47.230132+00:00,,,,,,,,,,,,
official_site,turntablecharts.com,TurnTable Top 100 Album,,,,,540.0,Homeless Llona,,,2025-11-10T14:34:47.230132+00:00,,,,,,,,,,,,
official_site,turntablecharts.com,TurnTable Top 100 Album,,,,,550.0,African Giant Burna Boy,,,2025-11-10T14:34:47.230132+00:00,,,,,,,,,,,,
official_site,turntablecharts.com,TurnTable Top 100 Album,,,,,560.0,NAHAMciaga,EP Seyi Vibez,,2025-11-10T14:34:47.230132+00:00,,,,,,,,,,,,
official_site,turntablecharts.com,TurnTable Top 100 Album,,,,,570.0,The Villain I Never Was Black Sherif,,,2025-11-10T14:34:47.230132+00:00,,,,,,,,,,,,
official_site,turntablecharts.com,TurnTable Top 100 Album,,,,,580.0,"Laughter, Tears & Goosebumps Fireboy DML",,,2025-11-10T14:34:47.230132+00:00,,,,,,,,,,,,
official_site,turntablecharts.com,TurnTable Top 100 Album,,,,,590.0,Rema Compilation Rema,,,2025-11-10T14:34:47.230132+00:00,,,,,,,,,,,,
official_site,turntablecharts.com,TurnTable Top 100 Album,,,,,600.0,NSNV Seyi Vibez,,,2025-11-10T14:34:47.230132+00:00,,,,,,,,,,,,
official_site,turntablecharts.com,TurnTable Top 100 Album,,,,,610.0,The Year I Turned 21 Ayra Starr,,,2025-11-10T14:34:47.230132+00:00,,,,,,,,,,,,
official_site,turntablecharts.com,TurnTable Top 100 Album,,,,,620.0,Legends Never Die Juice WRLD,,,2025-11-10T14:34:47.230132+00:00,,,,,,,,,,,,
official_site,turntablecharts.com,TurnTable Top 100 Album,,,,,630.0,RnB Ruger & Bnxn,,,2025-11-10T14:34:47.230132+00:00,,,,,,,,,,,,
official_site,turntablecharts.com,TurnTable Top 100 Album,,,,,640.0,Carpe Diem Olamide,,,2025-11-10T14:34:47.230132+00:00,,,,,,,,,,,,
official_site,turntablecharts.com,TurnTable Top 100 Album,,,,,650.0,Playboy Fireboy DML,,,2025-11-10T14:34:47.230132+00:00,,,,,,,,,,,,
official_site,turntablecharts.com,TurnTable Top 100 Album,,,,,660.0,Candor Monaky,,,2025-11-10T14:34:47.230132+00:00,,,,,,,,,,,,
official_site,turntablecharts.com,TurnTable Top 100 Album,,,,,670.0,PSYCHODRAMA Dave,,,2025-11-10T14:34:47.230132+00:00,,,,,,,,,,,,
official_site,turntablecharts.com,TurnTable Top 100 Album,,,,,680.0,"Shoot For The Stars, Aim For The Moon Pop Smoke",,,2025-11-10T14:34:47.230132+00:00,,,,,,,,,,,,
official_site,turntablecharts.com,TurnTable Top 100 Album,,,,,690.0,Lifestyle,EP Balloranking,,2025-11-10T14:34:47.230132+00:00,,,,,,,,,,,,
official_site,turntablecharts.com,TurnTable Top 100 Album,,,,,700.0,Timileyin 2.0,EP Tml Vibez,,2025-11-10T14:34:47.230132+00:00,,,,,,,,,,,,
official_site,turntablecharts.com,TurnTable Top 100 Album,,,,,710.0,Before We Became Strangers,EP Kunmie,,2025-11-10T14:34:47.230132+00:00,,,,,,,,,,,,
official_site,turntablecharts.com,TurnTable Top 100 Album,,,,,720.0,The Second Wave (Deluxe) Ruger,,,2025-11-10T14:34:47.230132+00:00,,,,,,,,,,,,
official_site,turntablecharts.com,TurnTable Top 100 Album,,,,,730.0,"Vibez Incorporation Mixtape, Vol.1 Vibez Inc & Seyi Vibez",,,2025-11-10T14:34:47.230132+00:00,,,,,,,,,,,,
official_site,turntablecharts.com,TurnTable Top 100 Album,,,,,740.0,Goodbye & Good Riddance Juice WRLD,,,2025-11-10T14:34:47.230132+00:00,,,,,,,,,,,,
official_site,turntablecharts.com,TurnTable Top 100 Album,,,,,750.0,Presido La Pluto Shallipopi,,,2025-11-10T14:34:47.230132+00:00,,,,,,,,,,,,
official_site,turntablecharts.com,TurnTable Top 100 Album,,,,,760.0,Dominion Sounds Of Salem,,,2025-11-10T14:34:47.230132+00:00,,,,,,,,,,,,
official_site,turntablecharts.com,TurnTable Top 100 Album,,,,,770.0,Please Excuse Me For Being Antisocial Roddy Ricch,,,2025-11-10T14:34:47.230132+00:00,,,,,,,,,,,,
official_site,turntablecharts.com,TurnTable Top 100 Album,,,,,780.0,We're All Alone This Together Dave,,,2025-11-10T14:34:47.230132+00:00,,,,,,,,,,,,
official_site,turntablecharts.com,TurnTable Top 100 Album,,,,,790.0,The Fresh Prince of Lagos,EP T.I BLAZE,,2025-11-10T14:34:47.230132+00:00,,,,,,,,,,,,
official_site,turntablecharts.com,TurnTable Top 100 Album,,,,,800.0,Vibe Till Thy Kingdom Come Seyi Vibez,,,2025-11-10T14:34:47.230132+00:00,,,,,,,,,,,,
official_site,turntablecharts.com,TurnTable Top 100 Album,,,,,810.0,Pawon Boy Vol. 1 (Deluxe) Tml Vibez & DJ 4kerty,,,2025-11-10T14:34:47.230132+00:00,,,,,,,,,,,,
official_site,turntablecharts.com,TurnTable Top 100 Album,,,,,820.0,WWP,EP Tyla,,2025-11-10T14:34:47.230132+00:00,,,,,,,,,,,,
official_site,turntablecharts.com,TurnTable Top 100 Album,,,,,830.0,Virtuoso,EP Rybeena,,2025-11-10T14:34:47.230132+00:00,,,,,,,,,,,,
official_site,turntablecharts.com,TurnTable Top 100 Album,,,,,840.0,XOXO Lojay,,,2025-11-10T14:34:47.230132+00:00,,,,,,,,,,,,
official_site,turntablecharts.com,TurnTable Top 100 Album,,,,,850.0,adedamola Fireboy DML,,,2025-11-10T14:34:47.230132+00:00,,,,,,,,,,,,
official_site,turntablecharts.com,TurnTable Top 100 Album,,,,,860.0,Ayo Wizkid,,,2025-11-10T14:34:47.230132+00:00,,,,,,,,,,,,
official_site,turntablecharts.com,TurnTable Top 100 Album,,,,,870.0,Get Layd Omah Lay,,,2025-11-10T14:34:47.230132+00:00,,,,,,,,,,,,
official_site,turntablecharts.com,TurnTable Top 100 Album,,,,,880.0,Trench Kid (Deluxe Edition) Balloranking,,,2025-11-10T14:34:47.230132+00:00,,,,,,,,,,,,
official_site,turntablecharts.com,TurnTable Top 100 Album,,,,,890.0,ASTROWORLD Travis Scott,,,2025-11-10T14:34:47.230132+00:00,,,,,,,,,,,,
official_site,turntablecharts.com,TurnTable Top 100 Album,,,,,900.0,A Good Time Davido,,,2025-11-10T14:34:47.230132+00:00,,,,,,,,,,,,
official_site,turntablecharts.com,TurnTable Top 100 Album,,,,,910.0,19 & Dangerous (Deluxe) Ayra Starr,,,2025-11-10T14:34:47.230132+00:00,,,,,,,,,,,,
official_site,turntablecharts.com,TurnTable Top 100 Album,,,,,920.0,Born In The Wild Tems,,,2025-11-10T14:34:47.230132+00:00,,,,,,,,,,,,
official_site,turntablecharts.com,TurnTable Top 100 Album,,,,,930.0,Synergy,"EP Hyce, BoyPee & Brown Joel",,2025-11-10T14:34:47.230132+00:00,,,,,,,,,,,,
official_site,turntablecharts.com,TurnTable Top 100 Album,,,,,940.0,SOS Deluxe: LANA SZA,,,2025-11-10T14:34:47.230132+00:00,,,,,,,,,,,,
official_site,turntablecharts.com,TurnTable Top 100 Album,,,,,950.0,"More Love, Less Ego Wizkid",,,2025-11-10T14:34:47.230132+00:00,,,,,,,,,,,,
official_site,turntablecharts.com,TurnTable Top 100 Album,,,,,960.0,Son Of Spergy Daniel Caesar,,,2025-11-10T14:34:47.230132+00:00,,,,,,,,,,,,
official_site,turntablecharts.com,TurnTable Top 100 Album,,,,,970.0,Death Race For Love Juice WRLD,,,2025-11-10T14:34:47.230132+00:00,,,,,,,,,,,,
official_site,turntablecharts.com,TurnTable Top 100 Album,,,,,980.0,Can't Rush Greatness Central Cee,,,2025-11-10T14:34:47.230132+00:00,,,,,,,,,,,,
official_site,turntablecharts.com,TurnTable Top 100 Album,,,,,990.0,KIARI Offset,,,2025-11-10T14:34:47.230132+00:00,,,,,,,,,,,,
official_site,turntablecharts.com,TurnTable Top 100 Album,,,,,1000.0,HIT ME HARD AND SOFT Billie Eilish,,,2025-11-10T14:34:47.230132+00:00,,,,,,,,,,,,
